sentence,label,bert_ft_pred
Sanoma News ' advertising sales decreased by 22 % during the year .,negative,negative
The intent of the article was to focus attention on the fact that the development model that China had followed was very different than the model that India had followed .,neutral,neutral
"Country : , Finland Sector : Construction-Real Estate Target : Pohjolan Design-Talo Oy Buyer : CapMan Oyj Vendor : Ruukki Group Oyj Deal size in USD : 102.6 m Type : Divestment Status : Agreed",neutral,neutral
"Both operating profit and net sales for the 12-month period increased , respectively from EUR21 .5 m and EUR196 .1 m , as compared to 2005 .",positive,positive
"The parties have agreed not to disclose the price of the deal , the group said in a press release .",neutral,neutral
The estimated value of the deal is USD 9.2 million .,neutral,neutral
"A total of 1,800,000 stock options were issued in the 2003 stock option scheme .",neutral,neutral
"Department store sales improved by 14 % to EUR 1,070.6 mn .",positive,positive
"The 10,000-odd square metre plot that Stockmann has bought for the Nevsky Center shopping center is located on Nevsky Prospect , St Petersburg 's high street , next to the Vosstaniya Square underground station , in the immediate vicinity of Moscow Station .",neutral,neutral
"The total donation amount is EUR 1,115,000 .",neutral,neutral
"The company reported a profit of 800,000 euro ($ 1.2 mln)on the sale of its Varesvuo Partners sub-group and a loss of 400,000 euro $ 623,000 caused by the sale of its program production subsidiary Oy Filmiteollisuus Fine Ab .",neutral,negative
Finnish Rautaruukki has been awarded a contract to supply and install steel superstructures for the Partihallsf+Ârbindelsen bridge in Gothenburg in Sweden .,positive,positive
Consolidated pretax profit decreased by 69.2 % to EUR 41.0 mn from EUR 133.1 mn in 2007 .,negative,negative
"She will succeed Krister Kylas , who has decided to leave TeliaSonera .",neutral,neutral
Operating profit improved by 16.7 % to EUR 7.7 mn .,positive,positive
The total value of the contract is some EUR 8 million .,neutral,neutral
"Rockwell Collins is a provider of flight deck , cabin and information management solutions for business aircraft operators .",neutral,neutral
The bond has a value of EUR150m and a maturity of 4 years .,neutral,neutral
Cameco typically prices sales contracts using a 40:60 ratio of fixed prices and spot prices .,neutral,neutral
Marimekko is considering further measures in the matter .,neutral,neutral
It 's not .,neutral,neutral
Ruukki 's order book at the end of 2010 was 30 % up year-on-year and 10 % up quarter-on-quarter .,positive,positive
The profit after taxes was EUR 57.7 11.1 million .,neutral,neutral
"The company generates net sales of about 600 mln euro $ 775.5 mln annually and employs 6,000 .",neutral,neutral
"Erkki Jarvinen , President of Rautakirja and the head of the Sanoma Trade division , will leave his current tasks in spring 2009 for a similar position outside the Sanoma Group .",neutral,neutral
Why not give your bedroom a cool makeover for summer .,neutral,neutral
"The company operates worldwide and employs in total approximately 47,000 persons .",neutral,neutral
"F-Secure Internet Security 2010 is a security service for surfing the web , online banking and shopping , e-mail , and other online activities .",neutral,neutral
The dividends payable annually shall be deducted from the share subscription price .,neutral,neutral
"The company 's profit totaled Ls 578,100 in H1 2007 , down 30.9 % year-on-year .",negative,negative
- Operating profit rose by 26.9 % to EUR 105.8 ( 83.4 ) million .,positive,positive
NWC ANALYSIS :,neutral,neutral
"Pretax profit totalled EUR 2.0 mn , compared to a loss of EUR 159.2 mn in the fourth quarter of 2008 .",positive,positive
"Previously , the company expected its 2008 financial performance to remain at the same level as in 2008 .",neutral,positive
No planned closing date was provided .,neutral,neutral
The value of the total investment is about EUR 600mn .,neutral,neutral
Revenue in the quarter fell 8 percent to ( EURO ) 2.4 billion compared to a year earlier .,negative,negative
"The tests , conducted at Nokia Siemens ' LTE center of competence in Espoo , Finland , follow the company 's production start of LTE-ready Flexi Multiradio Base Stations for the 800 MHz band in April 2010 , and complement earlier tests with Nokia on the 2100 MHz and 2600 MHz bands .",neutral,neutral
The company 's board of directors would propose a dividend of EUR1 .00 per share for 2005 .,neutral,neutral
Most of the dividend will go to the Grimaldi family .,neutral,neutral
The total value of these two contracts is over EUR 21 million .,neutral,neutral
"Systeemitiimi 's sales and project resources will also be strengthened , director Paul Skogberg said .",positive,positive
"OUTOTEC OYJ PRESS RELEASE , FEBRUARY 19 , 2008 AT 11.00 AM Outotec has won two large minerals processing technology orders from Mirabela Mineracao do Brasil Ltda , Brazil and from Cumerio Med JSCo , Bulgaria .",positive,positive
"Global sports equipment maker Amer Sports Corp. , whose brands include Atomic , Salomon and Wilson , saw a 64 percent increase in third-quarter net profit to EURO 47.4 million $ 65 million on strong sales and cost cuts .",positive,positive
"Following the demerger , the vice president of the group 's pharmaceutical trade in Finland , Jukka Niemi , will be appointed managing director of Oriola in addition to his current responsibilities .",neutral,neutral
"The divested company is part of TietoEnator 's business area Government , Manufacturing & Retail .",neutral,neutral
"Sales in Latin America increased by 42 % to EUR 432mn , and a total of 8.7 mn mobile devices were sold in the area , representing an increase of 32 % from the corresponding period in 2009 .",positive,positive
Fancy Dans on the move FAB Glasgow gift and interiors store Fancy Dans is moving !,neutral,neutral
"In a release on Oct. 28 , Peab said the two businesses will continue to be conducted under the brands Cliffton and Stockholm Entreprenad , both part of the Peab Group .",neutral,neutral
"The Stockmann department store will have a total floor space of over 8,000 square metres and Stockmann 's investment in the project will have a price tag of about EUR 12 million .",neutral,neutral
"Net sales totaled EUR 93.6 mn , up from EUR 93.2 mn in the corresponding period in 2005 .",positive,positive
"( ADP News ) - Oct 31 , 2008 - Finnish food company Raisio Oyj ( OMX : RAIVV ) said today that its net profit jumped to EUR 16.4 million ( USD 20.9 m ) for the first nine months of 2008 from EUR 1.1 million for the same period of 2",positive,positive
"( ADP News ) - Oct 1 , 2008 - Finnish consulting and engineering company Poyry Oyj ( OMX : POY1V ) said today it was awarded a EUR 5.2 million ( USD 7.4 m ) extension to their existing consultancy engineering contract with Venezuel",positive,positive
"UPM-Kymmene www.upm-kymmene.com produces magazine papers and newsprint , as well as fine and specialty papers , converting materials and wood products .",neutral,neutral
"In January , traffic , measured in revenue passenger kilometres RPK , went up by 3.2 % and capacity , measured in available seat kilometres ASK , rose by 12.2 % .",positive,positive
"The Group 's turnover in 2006 was EUR 39.2 million , and operating profit was EUR 3.9 million .",neutral,neutral
"( ADP News ) - Feb 11 , 2009 - Finnish wood products technology supplier Raute Oyj ( HEL : RUTAV ) said today its net profit decreased to EUR 4.7 million ( USD 6.1 m ) for 2008 from EUR 6.6 million for 2007 .",negative,negative
The first stage of the contract covers 133 stores and 600 cash registers .,neutral,neutral
Net interest income increased by 4.5 % to EUR 31.4 mn from EUR 30.0 mn in 2004 .,positive,positive
"Finnish Metso Paper has been awarded a contract for the rebuild of Sabah Forest Industries ' ( SFI ) pulp mill in Sabah , Malaysia .",positive,positive
The enterprise value of Maritim Food AS has been determined as approximately EUR15m .,neutral,neutral
"The fair value of the property portfolio doubled as a result of the Kapiteeli acquisition and totalled EUR 2,686.2 1,259.7 million .",positive,positive
"Operating profit , excluding non-recurring items , totaled EUR 0.2 mn , down from EUR 0.8 mn in the corresponding period in 2006 .",negative,negative
"In Q1 of 2009 , the company 's operating loss totalled EUR 0.3 mn , compared to a profit of EUR 3.6 mn in Q1 of 2008 .",negative,negative
"The final price will be specified by 14 May 2010 , the acquiring company said .",neutral,neutral
"Established in 1989 , CapMan manages Nordic buyout , mezzanine , technology , life science and real estate funds with approximately EURO 3 billion $ 4 billion in total capital .",neutral,neutral
Finnish communication electronics components supplier Scanfil Oyj Tuesday said sales in the first half of 2006 will be 15 % lower than during the same period a year ago .,negative,negative
"The new majority owners of Aspocomp Thailand Co. , Ltd are certain private persons belonging to immediate circle of Aspocomp 's present Joint Venture partner , Saha Pathana Inter-Holding Plc. .",neutral,neutral
"Satama 's net profit for the third quarter of 2007 rose to 275,000 euro ( $ 395,000 ) from 270,000 euro ( $ 388,000 ) for the same period of 2006 .",positive,positive
Panostaja Oyj 's Board also decided at its organisational meeting held upon completion of the AGM to implement the AGM decision concerning Board member fees paid as shares in such a way that shares are transferred on a quarterly basis on the date following publication of the quarterly-annual report .,neutral,neutral
Stora Enso 's third-quarter pre-tax profit doubled to EUR 197mn .,positive,positive
"Finnish Suominen Corporation that makes wipes , nonwovens , and flexible packaging , expects changes in the market situation to reduce sales of Suominen 's nonwovens and wet wipes from the previously estimated volumes .",negative,negative
Cash flow from operations in January-December 2008 was a negative EUR 18.1 mn compared to EUR 39.0 mn in the corresponding period in 2007 .,negative,negative
They both will report to Oriola-KD 's chief executive officer Eero Hautaniemi .,neutral,neutral
"In July-September 2009 , Konecranes ' sales decreased to EUR 368.7 mn from EUR 520.4 mn in July-September 2008 .",negative,negative
"SRV will also build an aqua park with wellness area , a restaurant and a multifunctional ice arena .",neutral,neutral
"Established in 1987 , the SRV Group is a private Finnish construction concern with operations in Finland , the Baltic countries and Russia .",neutral,neutral
"Helsinki 19 May 2010 - Finnish company Lemminkainen Oyj ( HEL : LEM1S ) said today that it will construct an office building at Toolonlahti in downtown Helsinki , without disclosing financial details .",neutral,neutral
"Finnair 's passenger load factor , which measures the number of sold seats as a share of all available seats , dropped by 1.3 percentage points to 76.7 % in September .",negative,negative
"The company 's plant in Russia will continue to make tyres for its near markets , while the plant in Nokia in Finland will manufacture tyres for other markets .",neutral,neutral
Net sales have been eaten by the weak US dollar .,negative,negative
Productional situation has now improved .,positive,positive
Suomen Paikallissanomat Oy is part of Alma Media Group and it currently publishes 15 local newspapers across Finland .,neutral,neutral
The energy shot is packed in a 100-millilitre bag with a screw cap .,neutral,neutral
Cargotec will also move Hallberg-Ivarsson 's service and installation business under the same roof with its service center for Kalmar and MacGregor solutions in Gothenburg .,neutral,neutral
"The value of the order is EUR 700,000 .",neutral,neutral
"Stockholm-based Nordea Bank ( STO : NDA ) said yesterday it had hired Casper von Koskull to lead its corporate merchant banking and capital markets unit , effective 1 September .",neutral,neutral
Return on capital employed rose by 4.8 percentage points to 19.6 % .,positive,positive
The company says the measures are no longer needed .,neutral,neutral
Earnings per share EPS in 2005 decreased to EUR0 .66 from EUR1 .15 in 2004 .,negative,negative
"Finnish Exel Composites , a technology company that designs , manufactures , and markets composite profiles and tubes for various industrial applications , reports its net sales decreased by 0.6 % in the second quarter of 2010 to EUR 19.2 mn from EUR 19.3 mn in the corresponding period in 2009 .",negative,negative
Kone shares dropped 4.1 percent to  x20ac 43 US$ 55.77 in Helsinki .,negative,negative
The trade is in accordance with the agreement announced on 26 March 2008 .,neutral,neutral
"It operates under three distinct brands : United Supermarkets , Market Street and United Supermercado .",neutral,neutral
The total capacity of the factory will be approximately 100 engines a year .,neutral,neutral
SRV lowered its net sales estimate for the whole of 2008 due to uncertainties in housing sales .,negative,negative
The maximum number of new shares to be offered is 22 million .,neutral,neutral
"Cooper SH , the UK distributor for lift equipment manufacturer Konecranes , won the five-year deal which involves low maintenance and fuel saving technologies .",positive,positive
GyPSii service supports ten different languages including Korean and Russian .,neutral,neutral
No changes in media activity were seen in October compared with September .,neutral,negative
"The mall will be financed on a parity basis by Pearl Plaza LLC , the joint venture company established by the Chinese investor Shanghai Industrial Investment Holdings Co Ltd , and SRV Group .",neutral,neutral
VNH generates annual net sales of about 5 mln eur and employs 21 people .,neutral,neutral
The company has some 410 employees and an annual turnover of EUR65 .4 m. Vaahto Group is listed on the Nordic Exchange in Helsinki .,neutral,neutral
"In April-June 2008 , Scanfil 's net sales totalled EUR 58.7 mn and operating profit EUR 6.6 mn .",neutral,neutral
"Goodwill and other intangible assets account for some 2.0 mln euro ( $ 2.6 mln ) of the purchase price , 20 pct of which payable in Aspo shares .",neutral,neutral
"London 's leading shares today jumped almost 100 points , or 1.7 % , as the market opened .",positive,positive
"Comparable operating profit totaled EUR 4.7 mn , down from EUR 5.1 mn in the corresponding period in 2005 , representing 7.4 % of net sales .",negative,negative
"Following the registration , the number of issued and outstanding shares of Basware is 12,890,829 .",neutral,neutral
The transaction is expected to be completed next spring .,neutral,neutral
"In the sinter plant , limestone and coke breeze are mixed with the iron ore concentrate and sintered into lump form or sinter for use in the blast furnaces as a raw material for iron-making .",neutral,neutral
The operating margin of Aker Yards Cruise & Ferries division went down from 8.3 % to 6.4 % in the first quarter of 2007 .,negative,negative
Almost the entire office building will be occupied by Metso .,neutral,neutral
Pharmaceutical market in Belgium Global Research & Data Services published recently a market analysis about the pharmaceutical markets in Belgium .,neutral,neutral
"Finnish power supply solutions and systems provider Efore Oyj said its net loss widened to 3.2 mln euro $ 4.2 mln for the first quarter of fiscal 2006-2007 ending October 31 , 2007 from 900,000 euro $ 1.2 mln for the same period of fiscal 2005-06 .",negative,negative
Another noticeable thing is that the search for Tata and Airtel brands was mostly related to ` broadband connections ' .,neutral,neutral
The expanded plant is scheduled to be operational by the middle of October 2009 .,neutral,neutral
"Seven-month sales of Ragutis , which is controlled by the Finnish brewery Olvi , declined by 11.2 percent , to 15.41 million liters , and the company held 9.89 percent of the market .",negative,negative
"Svyturys-Utenos Alus , which is controlled by the Nordic group Baltic Beverages Holding ( BBH ) , posted a 4.7-per-cent growth in beer sales for January-May to 46.22 million litres .",positive,positive
The company also said that in Poland a profitability program has been launched at the Oborniki steel frame and sandwich panel plant .,positive,positive
Finnish media group Talentum has issued a profit warning .,negative,negative
"Protalix closed at $ 10.71 on Friday on the American Stock Exchange , giving a market cap of $ 827 million .",neutral,neutral
"BAVARIA Industriekapital AG 's 2006 revenues were EUR 333 million , with an EBITDA of EUR 51 million .",neutral,neutral
"Following the registration , the share capital of Biotie is EUR 52,556,678.10 .",neutral,neutral
The sellers were EOSS Innovationsmanagement and a group of private individuals .,neutral,neutral
This resulted in improved sales figures in Sweden .,positive,positive
"4 February 2011 - Finnish broadband data communication systems provider Teleste Oyj HEL : TLT1V said Wednesday its net profit rocketed to EUR4 .8 m in 2010 from EUR416 ,000 in 2009 and it lifted its dividend proposal .",positive,positive
The total capital of funds managed by the bank decreased by 28 % to EUR 284mn by the end of September 2008 .,negative,negative
The soapstone deposits in the Medvezhyegorsk area are expected to increase Tulikivi 's current reserves considerably .,positive,positive
The company moved to an operating profit of EUR10 .9 m versus an operating loss of EUR15 .3 m. It also turned to EPS of EUR0 .08 versus loss per share of EUR0 .04 .,positive,positive
Earnings per share EPS amounted to EUR0 .01 .,neutral,neutral
The Elcoteq group recently announced that the last three months of the previous year brought to it a major loss of more than half a billion kroons ( EUR 32 mln ) for the fifth quarter running .,negative,negative
Work on the assignment has already started and is due for completion in spring 2011 .,neutral,neutral
The value of the contracts is about EUR 3.3 mn .,neutral,neutral
Net sales fell by 33 % from the third quarter of 2008 to EUR 130.5 mn .,negative,negative
"The company 's net profit rose 11.4 % on the year to 82.2 million euros in 2005 on sales of 686.5 million euros , 13.8 % up on the year , the company said earlier .",positive,positive
"The company 's board of directors will propose a dividend of EUR 0.95 per share for 2008 at the annual general meeting , scheduled to be held on March 23 , 2009 .",neutral,neutral
"He joins Technopolis from KONE where he has held various positions within the Group , most recently as Director of Service Business and Business Development for KONE s Middle Eastern operations .",neutral,neutral
"LCS 's services cover the whole life cycle of software and information systems , from process modelling and tailored software development , to hosting services , solution management , maintenance and support .",neutral,neutral
"The portfolio comprises of 118,000 m2 of leasable space with a vacancy rate of roughly 5 % , let to around 140 tenants of which two of the largest are the Swedish government and Ericsson .",neutral,neutral
Operating profit fell to EUR 38.1 mn from EUR 55.3 mn in 2007 .,negative,negative
"Ruukki 's delivery includes steel structures , including installation , for Krakeroy bascule bridge and steel piles for the bridge foundations .",neutral,neutral
UPM-Kymmene said its has ` not indicated any interest in any domestic consolidations ' .,neutral,neutral
"Profit for the period totalled EUR 0.8 mn , down from EUR 1.1 mn in the corresponding period in 2008 .",negative,negative
"BasWare Invoice Processing , BasWare Contract Matching , BasWare Order Matching and BasWare KPI Reporting Tool are part of the BasWare 's Enterprise Purchase to Pay product suite .",neutral,neutral
"Panostaja owns a 68.77 pct of share capital and the voting rights of Suomen Helasto shares following an exchange of shares which was carried out on May 30 , 2007 .",neutral,neutral
Closing of such transaction took place today .,neutral,neutral
Finnish Cargotec 's Kalmar has received a significant order from the US Department of Defense .,positive,positive
Delivery is expected to take place later this month .,neutral,neutral
"The number of class A shares remains unchanged at 9,526,089 shares .",neutral,neutral
Technopolis has approximately 130 customer companies in Jyvaskyla .,neutral,neutral
Cargotec Germany GmbH has been awarded a contract by Stadtverwaltung Mainz for chassis bodies under Open procedure .,positive,positive
"( ADP News ) - Dec 11 , 2008 - Finnish construction and engineering company Outotec Oyj ( OMX : OTE1V ) said today it won a EUR 28 million ( USD 36.8 m ) order to expand the phosphate concentrator in Siilinjarvi of Norwegian minera",positive,positive
Profit for the period increased from EUR 2.9 mn to EUR 10.5 mn .,positive,positive
"Tyrvaan Sanomat , published twice a week by Tyrvaan Sanomat Oy , appears in Sastamala and Kiikoinen .",neutral,neutral
The terms and conditions of the year 2003 stock option scheme were published in a stock exchange release on 31 March 2003 .,neutral,neutral
More than 80 special events in the three counties during four months were hosted by the library system and its nine branch libraries .,neutral,neutral
10 February 2011 - Finnish media company Sanoma Oyj HEL : SAA1V said yesterday its 2010 net profit almost tripled to EUR297 .3 m from EUR107 .1 m for 2009 and announced a proposal for a raised payout .,positive,positive
"In January-September 2007 , the group 's net sales from continuing operations rose to EUR 213.1 mn from EUR 172.6 mn in the corresponding period in 2006 .",positive,positive
Completion of the transaction is subject to a final agreement and a Due Diligence process .,neutral,neutral
Viking Line manages well with its current ferries .,positive,neutral
"Motorola Inc. of the United States came second with shipments of 217.4 million units for a 21.3 percent market share , followed by South Korea 's Samsung Electronics Co. with shipments of 118.0 million units for an 11.6 percent share .",neutral,positive
The Extraordinary General Meeting is expected to take place no later than 18 February 2011 .,neutral,neutral
Stichting Pensioenfonds ABP : 4 118 122 shares representing 5.19 % of the share capital and voting rights .,neutral,neutral
The order also includes start-up and commissioning services .,neutral,neutral
"The objective is that trading in the shares will commence on May 2 , 2007 .",neutral,neutral
"The figure includes the change in the fair value of the property portfolio , EUR 26.2 million .",neutral,neutral
The net sales of Healthcare Trade business in 2009 were EUR 145.1 million EUR 155.2 million and operating profit EUR 8.9 million EUR 7.9 million .,neutral,neutral
These moderate but significant changes resulted in a significant 24-32 % reduction in the estimated CVD risk .,positive,negative
"Finnish lifting equipment maker Kone Oyj said on October 4 , 2007 it won an order worth 15 mln euro $ 21.2 mln to deliver a total of 53 custom designed elevators to Norwegian shipbuilder Aker Yards ASA .",positive,positive
"Den Bosch-based TomTom is Europe 's largest maker of automotive navigation devices , while Cayman Islands-based Garmin is larger in the U.S. and overall .",neutral,neutral
"OTHER  North-Rhine Westphalia - Is to issue a benchmark , 5 year fixed rate deal in Euros .",neutral,neutral
"Poyry is a global consulting and engineering firm focusing on the energy , forest industry and infrastructure & environment sectors .",neutral,neutral
It estimates the operating profit to further improve from the third quarter .,positive,positive
"EPS for the quarter came in at 0.36 eur , up from 0.33 eur a year ago and ahead of forecast of 0.33 eur .",positive,positive
"Operating profit totaled EUR 6.7 mn , down from EUR 7.2 mn in the corresponding period in 2005 .",negative,negative
"In a letter to Economic Affairs Minister , the listed Estonian shipping company Tallink asks for the approval to be entitled to a 15 % cut in port fees in 2010 .",neutral,positive
"The decision reflects the underutilisation of the line , which produces nonwovens used in medical and wipes applications as well as for the automotive industry .",neutral,neutral
It was decided that the auditors are reimbursed according to invoice .,neutral,neutral
The annual net sales of the unit is some EUR 5 million and it currently employs some 55 people .,neutral,neutral
"Changes being announced today will be effective after the close of trading on Friday , June 19 , 2009 .",neutral,neutral
( A spokesperson told WWD to expect a 50-50 mix of clothing and home decor . ),neutral,neutral
"The 2500-passenger ferry will have dimensions of 185 m length overall , 170 m length between perpendiculars , 27.70 m breadth and 6.55 m design draught .",neutral,neutral
"The brokerage said 2006 has seen a ` true turning point ' in European steel base prices , with better pricing seen carrying through the second quarter of 2006 .",positive,positive
"Payment for acquired shares will be made in cash , and the price per share will be EUR 1 plus an administration fee .",neutral,neutral
"Swedish , Finnish and Danish listed companies are organized in three market cap segments , Nordic Large Cap , Mid Cap and Small Cap .",neutral,neutral
Operating profit for continuing operations fell to EUR 48.3 mn from EUR 72.4 mn in the first half of 2007 .,negative,negative
Operating profit fell to EUR 15.1 mn from EUR 24.6 mn in 2006 .,negative,negative
Marathon estimates the value of its remaining stake in Protalix at $ 27 million .,neutral,neutral
"In the Czech Republic , the smaller profiling unit at Ostrava will be closed and the machinery will be gradually relocated to Ruukki 's bigger plants in Hungary , Poland and Romania by the end of the first quarter of 2009 .",neutral,neutral
"Samsung currently occupies third place and lost ground during the quarter , dropping by 1.8 % to an 11.1 % share overall .",negative,negative
"Operating profit surged to EUR21m from EUR106 ,000 .",positive,positive
"The company serves customers in various industries , including process and resources , industrial machinery , architecture , building , construction , electrical , transportation , electronics , chemical , petrochemical , energy , and information technology , as well as catering and households .",neutral,neutral
The idea of saving electricity in data transfer is still a new one .,neutral,neutral
"The new Kroksberg railway tunnel will be built on a new section of track between Harnosand and Veda , forming part of the line that follows the coast of the Gulf of Bothnia .",neutral,neutral
"Group EBIT for the first half was EUR13 .6 m US$ 17.8 m , falling short of the EUR22 .5 m it posted for the same period of 2009 .",negative,negative
"Financial Statements include the consolidated financial statements of the Group , the Board of Directors ' Report , the Auditors ' Report and the Corporate Governance Statement .",neutral,neutral
Net sales of the Vegetable Oil Business rose to EUR 10.6 mn from EUR 10.1 mn .,positive,positive
"For example , net sales increased by 5.9 % from the first quarter , and EBITDA increased from a negative EUR 0.2 mn in the first quarter of 2009 .",positive,positive
"For 2009 , net profit was EUR3m and the company paid a dividend of EUR1 .30 apiece .",neutral,neutral
"For the first nine months of 2010 , the company 's net profit rose to EUR41m from EUR30m for the corresponding period of 2009 .",positive,positive
Biohit already services many current Genesis customers and the customer base is expected to expand as a result of this agreement .,positive,positive
`` We could be there .,neutral,neutral
"They can be used to control the speed of electric motors used by industry and municipal engineering , and in power generation using renewable energy .",neutral,neutral
"Operating profit totalled EUR 21.1 mn , up from EUR 18.6 mn in 2007 , representing 9.7 % of net sales .",positive,positive
A merger between UPM and Finnish-Swedish Stora Enso is not likely either .,neutral,neutral
After 1 April 2007 Cencorp will not have any own employees in the territory .,neutral,neutral
"India 's trade with Russia currently stands at four billion dollars , growing 9.6 per cent in fiscal 2007 .",positive,positive
"In the second quarter of 2010 , the group 's pretax loss narrowed to EUR 400,000 from EUR 600,000 .",positive,positive
"Fiskars , a 360-year-old global business best known for its orange-handled scissors , expects to derive synergies of EUR5 million a year by consolidating certain parts of the housewares division where the two compete .",positive,neutral
All depends on financing .,neutral,neutral
"Products include Consumer Electronics devices such as mobile phones and their accessories , set-top boxes , flat panel TVs as well as System Solutions products such as infrastructure systems , modules and other industrial segment products .",neutral,neutral
The total amount of subscription prices was recorded in the fund for invested non-restricted equity .,neutral,neutral
No other ev3 devices were involved in this action .,neutral,neutral
"The earnings per share for the quarter came in at 0.25 eur , up from the 0.20 eur of the same quarter a year earlier .",positive,positive
Increase in the number of shares is based on the option rights which were granted to the management of the company under the stock option plan 2006 .,neutral,neutral
The building will house product development and test laboratories .,neutral,neutral
The medium-term operative targets of the company remain unchanged .,neutral,neutral
"Marathon now has a 4.6 percent stake in PLX , it said , according to Bloomberg .",neutral,neutral
"The decision will have to be made whether the group agrees to the import of Estonian meat and meat products to Finland , the paper added .",neutral,neutral
"Since the registration of the shares subscribed in a directed share issue , the new number of Panostaja shares and voting rights is 41,733,110 .",neutral,neutral
Profit after taxes totaled EUR 12.1 mn .,neutral,neutral
"Finnair PLC carried a record 8.8 million passengers in 2006 , an increase of 3.5 percent on the previous year , the Finnish national carrier reported Tuesday .",positive,positive
The company operates power plants in the Tyumen and Chelyabinsk regions and in the Khanty-Mansi Autonomous District .,neutral,neutral
"Altogether CapMan employs approximately 150 people in Helsinki , Stockholm , Copenhagen , Oslo , Moscow and Luxembourg .",neutral,neutral
"An  of the invention , released by the Patent Office , said : `` The chambers are pressurized .",neutral,neutral
"Operating profit of Kauppalehti group rose to EUR 1.5 mn from EUR 1.3 mn , and that of Marketplaces to EUR 1.3 mn from EUR 1.0 mn in the third quarter of 2006 .",positive,positive
The sale price was not disclosed .,neutral,neutral
The beers differ slightly from mainstream beers .,neutral,neutral
"Tecnomen , headquartered in Espoo , Finland , develops messaging and charging solutions for telecomms operators and service providers worldwide .",neutral,neutral
The site will cover over six hectares .,neutral,neutral
"4 February 2011 - Finnish broadband data communication systems provider Teleste Oyj HEL : TLT1V saw its net profit jump to EUR2 .1 m for the last quarter of 2010 from EUR995 ,000 for the same period of 2009 .",positive,positive
"Viking Line 's cargo revenue increased by 5.4 % to EUR 21.46 mn , and cargo volume increased by 2.4 % to 70,116 cargo units .",positive,positive
The company did not distribute a dividend in 2005 .,neutral,neutral
"With five different game modes , co-op tournaments , 4 player split-screen and multiplayer modes , players can have as much fun as they would if they were actually fishing .",neutral,neutral
"Both operating profit and net sales for the six-month period increased , respectively from EUR7 .5 m and EUR655 .5 m , as compared to the corresponding period in 2005 .",positive,positive
Finnish silicon wafer technology company Okmetic Oyj OMX Helsinki : OKM1V said on Wednesday 17 September that it will invest EUR6m in its sensor wafer business during 2009 .,neutral,positive
"Operating loss totalled EUR 4.0 mn , compared to a profit of EUR 8.6 mn in the second quarter of 2008 .",negative,negative
"During the rally , which was authorized by the city administration , a consulate official came out to the workers , spoke to them and took a letter from them .",neutral,neutral
The invention carries International Patent Publication No. .,neutral,neutral
"A coker crane will be supplied to Tesoro Corporation 's Golden Eagle Refinery in Martinez , California , while a similar crane will be delivered to BP 's Castell refinery in Spain .",neutral,neutral
Production capacity will increase from 36 000 to 85 000 tonnes per year and the raw material will continue to be recycled paper and board .,positive,positive
The original patent was filed in Finland under application No. .,neutral,neutral
Operating profit rose to EUR 26.7 mn from EUR 14.9 mn in the corresponding period in 2006 .,positive,positive
Affecto expects its net sales for the whole 2010 to increase from the 2009 level when they reached EUR 103 million .,positive,positive
"Lemminkainen Infra Oy 's subsidiary Lemminkainen Sverige AB will perform the construction work , which is expected to start in early 2011 and to be completed in the summer of 2013 .",neutral,neutral
ABN : 59 087 901 620 now represent 5.10 % of the voting rights and share capital of Citycon Oyj .,neutral,neutral
"Sales in Finland decreased by 2.0 % , and international sales decreased by 9.3 % in terms of euros , and by 15.1 % in terms of local currencies .",negative,negative
"In 2007 Talentum will disclose three Interim Reports - Q1 ( January - March ) on Friday , 27 April , 2007 - Q2 ( April - June ) on Friday , 20 July , 2007 - Q3 ( July - September ) on Friday , 26 October , 2007 .",neutral,neutral
Last year 's net sales rose to EUR 68.3 million from EUR 62.2 million .,positive,positive
"In January-June 2010 , diluted loss per share stood at EUR0 .3 versus EUR0 .1 in the first half of 2009 .",negative,positive
"The devices would be launched in the Chinese market in late 2006 , the company said .",neutral,neutral
"RFID ( Radio Frequency Identification ) is a method of so-called intelligent transport , whereby information can be read and saved remotely .",neutral,neutral
"These sections will be put into place to form the load-bearing steel structure of the bridge , '' says Sami Eronen , Senior Vice President , Infrastructure and Northern Europe , Ruukki Construction .",neutral,neutral
The value of the deal was not disclosed .,neutral,neutral
Saunalahti is a part of the Elisa group .,neutral,neutral
The financial statements release will be available after publishing on the Company 's internet pages at www.cargotec.com .,neutral,neutral
The company did not disclose the price of the acquisition .,neutral,neutral
"Following this increase Huhtamaki 's registered share capital is EUR360 .62 m and the number of shares outstanding is 106,063,320 .",neutral,neutral
"Prior to the transaction , whose financial terms have not been disclosed , Alma Media owned 40 % of Kotikokki net .",neutral,neutral
Operating loss amounted to EUR 0.9 mn in the first half of 2006 compared to a profit of EUR 0.5 mn in the first half of 2005 .,negative,negative
"The order also covers design services , hardware , software licences , as well as maintenance services over six years .",neutral,neutral
The machinery now ordered will be placed in a new mill with an annual production capacity of 40 000 m3 of overlaid birch plywood .,neutral,neutral
Valga Lihatoostus markets its products under the Maks & Moorits trademark .,neutral,neutral
"These financing arrangements will enable the company to ensure , in line with its treasury policy , that it has sufficient financial instruments at its disposal for its potential capital requirements .",positive,neutral
"The firm 's UK head office is in Rugby Road , Lutterworth .",neutral,neutral
"In the fourth quarter of 2008 , net sales decreased to EUR 121.4 mn from EUR 165.5 mn in the fourth quarter of 2007 .",negative,negative
"The record date for dividend distribution is March 14 , 2008 .",neutral,neutral
"Fortum expects its annual capital expenditure in the next four to five years to be within a range of EUR 0.8-1 .2 billion , as earlier announced .",neutral,neutral
"Neste Oil will publish its third quarter 2008 results on Friday , 24 October 2008 at approximately 9 am ( EET ) .",neutral,neutral
"Honkarakenne also decided yesterday to sell 88,500 of its B-series shares to key staff members for EUR 2.90 per share .",neutral,neutral
"The utility will also provide services related to electricity management , such as hedging trades and risk management and reporting .",neutral,neutral
"Foodservice and consumer goods markets are served by approximately 13,000 people in 54 manufacturing units and several sales offices in 33 countries .",neutral,neutral
Diluted EPS rose to EUR3 .68 from EUR0 .50 .,positive,positive
LONDON MarketWatch -- Nokia nok said it 's won a five-year services contract to run Hutchison Essar 's network operations in nine locations in India .,positive,positive
The ECB can mainly target inflation .,neutral,neutral
"Operating loss was EUR 179mn , compared to a loss of EUR 188mn in the second quarter of 2009 .",positive,negative
"Some of the most recent technology deliveries include refinery technology to Anrak Aluminium , an iron ore pelletizing plant to Tata Steel and iron ore sintering plants to Bhushan Steel .",neutral,neutral
IonPhasE 's second major owner is venture capital firm Aura Capital .,neutral,neutral
"In Sweden , operating profit for the period under review totaled EUR 3.4 mn , up 30.8 % from the corresponding period in 2005 .",positive,positive
The transaction included also the transfer of the lease agreement concerning manufacturing premises and employment agreements related to these operations .,neutral,neutral
"Foundries division reports its sales increased by 9.7 % to EUR 63.1 mn from EUR 57.5 mn in the corresponding period in 2006 , and sales of the Machine Shop division increased by 16.4 % to EUR 41.2 mn from EUR 35.4 mn in the corresponding period in 2006 .",positive,positive
"Both operating profit and net sales for the three-month period increased , respectively from EUR15 .1 m and EUR131 .5 m , as compared to the corresponding period in 2005 .",positive,positive
This will bring cost savings of about EUR 3mn a year .,positive,positive
"Food sales totalled EUR 323.5 mn in October 2009 , representing a decrease of 5.5 % from October 2008 .",negative,negative
The company had net sales of EUR 19.8 mn and a pre-tax profit of EUR 1.8 mn in 2005 .,neutral,neutral
"Paychex has more than 100 offices serving approximately 554,000 payroll clients nationwide as of May 31 , 2009 .",neutral,neutral
"Citigroup , Inc ( NYSE : C ) has announced that its Global Transaction Services ( GTS ) business has been awarded a new mandate by Finland-based Pohjola Bank Group .",positive,positive
"Operating profit was EUR 24.5 mn , up from EUR 23.0 mn .",positive,positive
The issuer is solely responsible for the content of this announcement .,neutral,neutral
The contract includes heating plant equipment and associated installation work .,neutral,neutral
"Cardona slowed her vehicle , turned around and returned to the intersection , where she called 911 .",neutral,neutral
"The company designs , manufactures and markets advanced composite products for industrial applications and consumer goods such as cross-country , alpine and Nordic Walking poles , floorball sticks and antenna radomes .",neutral,neutral
The company 's equipment rental portfolio consists primarily of tools for small and mid-sized customers in the construction industry .,neutral,neutral
Vianor sells tires for cars and trucks as well as a range of other car parts and provides maintenance services .,neutral,neutral
"ADP News - Nov 6 , 2008 - Finnish retail software developer Aldata Solution Oyj OMX : ALD1V said today that it swung to a net profit of EUR 2.1 million USD 2.7 m for the first nine months of 2008 versus a net loss of EU",positive,positive
"The company 's operating income ( EBIT ) totalled EUR 0.0 mn , up from EUR -0.3 mn year-on-year .",positive,positive
`` Printed fabrics and related design expertise have always been the core of Marimekko 's business and brand .,neutral,neutral
"Cash flow from operations totalled EUR 2.71 mn , compared to a negative EUR 0.83 mn in the corresponding period in 2008 .",positive,positive
"Having a China based operation will not only enable us to fully leverage our resources and expertise in wireless solutions , but also strengthen our capability to offer industry-leading products for our customers in China . ''",positive,positive
Atria said its offer would give the Swedish company continued ownership and control of its slaughtering and cutting operations .,neutral,neutral
ND = Not disclosed .,neutral,neutral
"industry in Asia +ó Pakistan , Malaysia , Taiwan and Philippines Today , Global Research & Data Services is going to publish several market analyses about the cement markets in Asia .",neutral,neutral
Finnish metal products company Componenta Oyj net profit rose to 26.1 mln euro ( $ 35.9 mln ) for the first quarter of 2007 from 5.3 mln euro ( $ 7.3 mln ) for the same period of 2006 .,positive,positive
"The maximum grade of the veneer yield is calculated , based on the dimensions and grades of the veneer products , as well as by iterating the places of the peeling axes and simulating the peeling process .",neutral,neutral
"The financial impact is estimated to be some 1.5 MEUR annual improvement in the division 's result , starting from fiscal year 2007 .",positive,positive
"Target company : Tieto Corporation , Business Identity Code : 0101138-5 Date of change in holding : 22 January 2010 Portion of the shares and votes : The current group holding of OP-Pohjola Group Central Cooperative ( OPK ) is 2982 587 shares , which represents 4.14 % of the shares and voting rights .",neutral,neutral
"In 2010 , Sanoma Magazines expects net sales to be at the 2009 level .",neutral,neutral
Cramo slipped to a pretax loss of EUR 6.7 million from a pretax profit of EUR 58.9 million .,negative,negative
Relations with the City have been further damaged by comments from Mr Ashley criticising City investors and analysts as `` cry babies '' .,negative,negative
"In 2008 , Kemira recorded revenue of approximately EUR 2.8 billion and had a staff of 9,400 .",neutral,neutral
"says Brian Burton , Head of IT Security , Vodafone UK .",neutral,neutral
"Also , a six-year historic analysis is provided for this market .",neutral,neutral
The transactions would increase earnings per share in the first quarter by some EUR0 .28 .,positive,positive
The online ice chart shows no ice in the area of Estonia 's sea ports on the coast of the Gulf of Finland .,neutral,neutral
"ADPnews - Jul 17 , 2009 - Finland-based steel maker Rautaruukki Oyj Ruukki HEL : RTRKS said today it slipped to a net loss of EUR 184 million USD 259.7 m for the first half of 2009 from a net profit of EUR 2",negative,negative
Finnish office supplies and computer accessories dealer Beltton-Group Plc said its net profit rose to 1.3 mln euro ( $ 1.7 mln ) in 2006 from 1.13 mln euro ( $ 1.5 mln ) in 2005 .,positive,positive
Juha Haapakoski will continue as Editor-in-Chief with budget responsibility also with the new publisher .,neutral,neutral
Finnish handling systems company Cargotec Oyj ( HEL : CGCBV ) said today that it won a EUR 13 million ( USD 16.6 m ) contract to deliver MacGregor hatch covers for ships ordered by Norwegian shipowner Grieg Shipping .,positive,positive
"The money will be spread mainly over 2011 and 2012 , the company said .",neutral,neutral
"Jeder Beta-Tester erh+ñlt kostenlos sechs Monate lang Updates und hat laut eigener Aussage die M+Âglichkeit , die finale Version zu beeinflussen .",neutral,neutral
"In the third quarter of fiscal 2008 Efore swung to a net loss of EUR 400,000 versus a net profit of EUR 200,000 for the corresponding period of fiscal 2007 .",negative,positive
"Revenue was slightly down , at  x20ac 495 million $ 634 million , compared to  x20ac 497 million a year earlier .",negative,negative
Diluted earnings per share ( EPS ) rose to EUR 3.68 from EUR 0.50 .,positive,positive
HK Ruokatalo 's target is to know the consumers .,neutral,neutral
He confirmed his view on July 6 .,neutral,neutral
Residents access to the block is planned to be from Aleksandri Street .,neutral,neutral
"According to CEO Matti Perkonoja of the parent company HKScan , the company 's performance in the first quarter of 2010 has remained clearly below the level of the corresponding period in 2009 .",negative,negative
"ADP News - Nov 13 , 2008 - Finnish printed circuit board PCB maker Aspocomp Group Oyj OMX : ACG1V said today that its net loss narrowed to EUR 2 million USD 2.5 m in the first nine months of 2008 from EUR 57",positive,positive
"The transaction is subject to a final agreement between the parties , approvals of their decision-making bodies and approval by the Finnish Competition Authority .",neutral,neutral
"( ADP News ) - Feb 6 , 2009 - Finnish fishing tackle company Rapala VMC Corp ( HEL : RAP1V ) said today its net profit rose to EUR 19.2 million ( USD 24.6 m ) for 2008 from EUR 17.5 million for 2007 .",positive,positive
The writing and publication of Lemmink+ñinen -¦ s history is a continuation of earlier collaboration between Antti Tuuri and the company .,neutral,neutral
The event can also be viewed as a live webcast at www.cargotec.com .,neutral,neutral
"The company can not give up palm oil altogether , however .",neutral,neutral
"The company operates its business through two reportable segments , including Banking and Investment Services , and Non-Life Insurance .",neutral,neutral
"The board machine , which will have a wire width of 6.25 m and a design speed of 900 m-min , will produce close to 1,400 tonnes of folding boxboard per day .",neutral,neutral
"2009 3 February 2010 - Finland-based steel maker Rautaruukki Oyj ( HEL : RTRKS ) , or Ruukki , said today it slipped to a larger-than-expected pretax loss of EUR46m in the fourth quarter of 2009 from a year-earlier profit of EUR45m .",negative,negative
"In providing managed services , Nokia takes responsibility for building , operating and transferring as well as optimising the Indosat 3G network .",neutral,neutral
"Arto Ryymin , born 1964 , will replace Juhani Kaisanlahti who has worked as acting EVP , Healthcare & Welfare since August 2007 .",neutral,neutral
"Uponor made an operating profit of EUR 151.0 mn , up from EUR 143.7 mn , which made 2007 a record year .",positive,positive
"Operating profit , excluding non-recurring items , totalled EUR 1.0 mn , down from EUR 1.6 mn .",negative,negative
